<!DOCTYPE ui:UiBinder SYSTEM "http://dl.google.com/gwt/DTD/xhtml.ent">
<ui:UiBinder xmlns:ui="urn:ui:com.google.gwt.uibinder" 
             xmlns:container="urn:import:com.sencha.gxt.widget.core.client.container" 
             xmlns:g="urn:import:com.google.gwt.user.client.ui"
             xmlns:gxt="urn:import:com.sencha.gxt.widget.core.client">
		
		
		
		<gxt:ContentPanel ui:field="gridPanel" headingText="Metric Grid">
			<container:VerticalLayoutContainer ui:field="vlc">
				<container:child>
					<gxt:toolbar.ToolBar ui:field="buttons">
						<g:HorizontalPanel ui:field="buttonsHP">
							<gxt:button.TextButton ui:field="adminButton" text="More Metrics" />
							<gxt:button.TextButton ui:field="userButton" text="Less Metrics" />
							<gxt:button.TextButton ui:field="download" text="Download Files" />
							<gxt:button.TextButton ui:field="toSpreadSheet" text="Save as SpreadSheet" />
						</g:HorizontalPanel>
					</gxt:toolbar.ToolBar>
				</container:child>
				<container:child>
					<gxt:container.VerticalLayoutContainer ui:field="content" />
				</container:child>
			</container:VerticalLayoutContainer>
		</gxt:ContentPanel>
		
		
		
		
</ui:UiBinder> 