<!DOCTYPE ui:UiBinder SYSTEM "http://dl.google.com/gwt/DTD/xhtml.ent">
<ui:UiBinder xmlns:ui="urn:ui:com.google.gwt.uibinder" 
             xmlns:container="urn:import:com.sencha.gxt.widget.core.client.container" 
             xmlns:g="urn:import:com.google.gwt.user.client.ui"
             xmlns:gxt="urn:import:com.sencha.gxt.widget.core.client"
             xmlns:menu="urn:import:com.sencha.gxt.widget.core.client.menu"
             xmlns:button="urn:import:com.sencha.gxt.widget.core.client.button">
		
              <ui:with type="com.sencha.gxt.widget.core.client.container.VerticalLayoutContainer.VerticalLayoutData" field="toolBarRowData">
   				 <ui:attributes width="1" height="30" />
  			  </ui:with>
  			  
  			   <ui:with type="com.sencha.gxt.widget.core.client.container.VerticalLayoutContainer.VerticalLayoutData" field="contentData">
   				<!--  <ui:attributes width="1" height="1" /> -->
  			  </ui:with>	
		
		<gxt:ContentPanel ui:field="gridPanel" heading="Metrics">
			<container:VerticalLayoutContainer ui:field="vlc">
				<container:child layoutData='{toolBarRowData}'>
					<gxt:toolbar.ToolBar ui:field="buttons">
						<g:HorizontalPanel ui:field="buttonsHP">
						   <!--  <button:TextButton ui:field="viewButton" text="View"> 
					       </button:TextButton> -->
					       
							<gxt:button.TextButton ui:field="download" text="Download Files" />
<!-- 							<gxt:button.TextButton ui:field="mergeLibs" text="Merge Libraries" toolTip="Administrators can merge multiple lanes of a given Library. ADMIN ONLY FEATURE"/>							 -->
							<gxt:button.TextButton ui:field="toSpreadSheet" text="Save as SpreadSheet" />
							<gxt:button.ToggleButton ui:field="unused" text="Unused Metrics" />						
						</g:HorizontalPanel>

					</gxt:toolbar.ToolBar>
				</container:child>
				<container:child layoutData='{contentData}'>
					<gxt:container.VerticalLayoutContainer ui:field="content" />
				</container:child>
			</container:VerticalLayoutContainer>
		</gxt:ContentPanel>
		
		
		
		
</ui:UiBinder> 