<!DOCTYPE ui:UiBinder SYSTEM "http://dl.google.com/gwt/DTD/xhtml.ent">
<ui:UiBinder xmlns:ui="urn:ui:com.google.gwt.uibinder"
	xmlns:container="urn:import:com.sencha.gxt.widget.core.client.container"
	xmlns:g="urn:import:com.google.gwt.user.client.ui" xmlns:menu="urn:import:com.sencha.gxt.widget.core.client.menu"
	xmlns:toolbar="urn:import:com.sencha.gxt.widget.core.client.toolbar"
	xmlns:button="urn:import:com.sencha.gxt.widget.core.client.button"
	xmlns:gxt="urn:import:com.sencha.gxt.widget.core.client">

	<ui:with
		type="com.sencha.gxt.widget.core.client.container.VerticalLayoutContainer.VerticalLayoutData"
		field="toolBarRowData">
		<ui:attributes width="1" height="30" />
	</ui:with>

	<ui:with
		type="com.sencha.gxt.widget.core.client.container.VerticalLayoutContainer.VerticalLayoutData"
		field="contentData">
		<!-- <ui:attributes width="1" height="1" /> -->
	</ui:with>
	<container:VerticalLayoutContainer
		ui:field="vlc">
		<container:child>
			<gxt:ContentPanel ui:field="gridPanel" heading="Analysis Data Portal">
			</gxt:ContentPanel>

		</container:child>
		<container:child layoutData='{toolBarRowData}'>
			<toolbar:ToolBar ui:field="toolbar">
				<button:SplitButton text="Group By">
					<button:menu>
						<menu:Menu ui:field="splitButtonMenu"/>										
					</button:menu>
				</button:SplitButton>

				<gxt:button.TextButton ui:field="expand" text="Expand All" />
				<gxt:toolbar.SeparatorToolItem />
				<gxt:button.TextButton ui:field="collapse"
					text="Collapse All" />
				<gxt:toolbar.SeparatorToolItem />
				<gxt:button.TextButton ui:field="share" text="Share" />
			</toolbar:ToolBar>
		</container:child>
		<container:child layoutData='{contentData}'>
			<gxt:container.VerticalLayoutContainer
				ui:field="content" />
		</container:child>
	</container:VerticalLayoutContainer>
</ui:UiBinder> 